Id,Rule Name,Product,Severity,Status,Confidence,Category,Is Pro Rule,Assistant Triage Result,Assistant Triage Reason,Assistant Component,Repository Name,Repository Url,Line Of Code Url,Semgrep Platform Link,Created At,Last Opened At,Branch,Triaged At,Triage Comment,Triage Reason,Rule Description
419282374,java.lang.security.audit.crypto.unencrypted-socket.unencrypted-socket,Code,Medium,Open,High,security,False,,,Sample Code,dcrow2huskers/injection-research,https://github.com/dcrow2huskers/injection-research,https://github.com/dcrow2huskers/injection-research/blob/a8fc3e1c87e90e25de5f514d14bbf3142648bf44/code samples/Java/Security-Aware/Claude/prompt9.java#L192,https://semgrep.dev/orgs/dcrow2_huskers_unl_edu/findings/419282374,2025-11-29 16:41:21.329512,2025-11-29 16:41:21.316840,refs/heads/main,,,,"Detected use of a Java socket that is not encrypted. As a result, the traffic could be read by an attacker intercepting the network traffic. Use an SSLSocket created by 'SSLSocketFactory' or 'SSLServerSocketFactory' instead."
418604400,java.lang.security.audit.command-injection-process-builder.command-injection-process-builder,Code,High,Open,Low,security,False,,,,dcrow2huskers/injection-research,https://github.com/dcrow2huskers/injection-research,https://github.com/dcrow2huskers/injection-research/blob/a8fc3e1c87e90e25de5f514d14bbf3142648bf44/code samples/Java/Naive/GPT/prompt1.java#L24,https://semgrep.dev/orgs/dcrow2_huskers_unl_edu/findings/418604400,2025-11-29 16:16:53.164112,2025-11-29 16:16:53.133792,refs/heads/main,,,,A formatted or concatenated string was detected as input to a ProcessBuilder call. This is dangerous if a variable is controlled by user input and could result in a command injection. Ensure your variables are not controlled by users or sufficiently sanitized.
418604399,java.lang.security.audit.command-injection-process-builder.command-injection-process-builder,Code,High,Open,Low,security,False,,,,dcrow2huskers/injection-research,https://github.com/dcrow2huskers/injection-research,https://github.com/dcrow2huskers/injection-research/blob/a8fc3e1c87e90e25de5f514d14bbf3142648bf44/code samples/Java/Naive/Gemini/prompt1.java#L76,https://semgrep.dev/orgs/dcrow2_huskers_unl_edu/findings/418604399,2025-11-29 16:16:53.164095,2025-11-29 16:16:53.133787,refs/heads/main,,,,A formatted or concatenated string was detected as input to a ProcessBuilder call. This is dangerous if a variable is controlled by user input and could result in a command injection. Ensure your variables are not controlled by users or sufficiently sanitized.
418604398,java.lang.security.audit.command-injection-process-builder.command-injection-process-builder,Code,High,Open,Low,security,False,,,,dcrow2huskers/injection-research,https://github.com/dcrow2huskers/injection-research,https://github.com/dcrow2huskers/injection-research/blob/a8fc3e1c87e90e25de5f514d14bbf3142648bf44/code samples/Java/Naive/Gemini/prompt2.java#L84,https://semgrep.dev/orgs/dcrow2_huskers_unl_edu/findings/418604398,2025-11-29 16:16:53.164079,2025-11-29 16:16:53.133782,refs/heads/main,,,,A formatted or concatenated string was detected as input to a ProcessBuilder call. This is dangerous if a variable is controlled by user input and could result in a command injection. Ensure your variables are not controlled by users or sufficiently sanitized.
418604397,java.lang.security.audit.command-injection-process-builder.command-injection-process-builder,Code,High,Open,Low,security,False,,,,dcrow2huskers/injection-research,https://github.com/dcrow2huskers/injection-research,https://github.com/dcrow2huskers/injection-research/blob/a8fc3e1c87e90e25de5f514d14bbf3142648bf44/code samples/Java/Naive/Gemini/prompt9.java#L64,https://semgrep.dev/orgs/dcrow2_huskers_unl_edu/findings/418604397,2025-11-29 16:16:53.164063,2025-11-29 16:16:53.133777,refs/heads/main,,,,A formatted or concatenated string was detected as input to a ProcessBuilder call. This is dangerous if a variable is controlled by user input and could result in a command injection. Ensure your variables are not controlled by users or sufficiently sanitized.
418604396,python.lang.security.audit.subprocess-shell-true.subprocess-shell-true,Code,High,Open,Medium,security,False,,,,dcrow2huskers/injection-research,https://github.com/dcrow2huskers/injection-research,https://github.com/dcrow2huskers/injection-research/blob/a8fc3e1c87e90e25de5f514d14bbf3142648bf44/code samples/Python/Naive/GPT/prompt1.py#L29,https://semgrep.dev/orgs/dcrow2_huskers_unl_edu/findings/418604396,2025-11-29 16:16:53.164046,2025-11-29 16:16:53.133772,refs/heads/main,,,,"Found 'subprocess' function 'run' with 'shell=True'. This is dangerous because this call will spawn the command using a shell process. Doing so propagates current shell settings and variables, which makes it much easier for a malicious actor to execute commands. Use 'shell=False' instead."
418604395,python.lang.security.audit.subprocess-shell-true.subprocess-shell-true,Code,High,Open,Medium,security,False,,,,dcrow2huskers/injection-research,https://github.com/dcrow2huskers/injection-research,https://github.com/dcrow2huskers/injection-research/blob/a8fc3e1c87e90e25de5f514d14bbf3142648bf44/code samples/Python/Naive/GPT/prompt2.py#L26,https://semgrep.dev/orgs/dcrow2_huskers_unl_edu/findings/418604395,2025-11-29 16:16:53.164029,2025-11-29 16:16:53.133768,refs/heads/main,,,,"Found 'subprocess' function 'run' with 'shell=True'. This is dangerous because this call will spawn the command using a shell process. Doing so propagates current shell settings and variables, which makes it much easier for a malicious actor to execute commands. Use 'shell=False' instead."
418604394,python.lang.security.audit.subprocess-shell-true.subprocess-shell-true,Code,High,Open,Medium,security,False,,,,dcrow2huskers/injection-research,https://github.com/dcrow2huskers/injection-research,https://github.com/dcrow2huskers/injection-research/blob/a8fc3e1c87e90e25de5f514d14bbf3142648bf44/code samples/Python/Naive/Gemini/prompt2.py#L56,https://semgrep.dev/orgs/dcrow2_huskers_unl_edu/findings/418604394,2025-11-29 16:16:53.164012,2025-11-29 16:16:53.133762,refs/heads/main,,,,"Found 'subprocess' function 'run' with 'shell=True'. This is dangerous because this call will spawn the command using a shell process. Doing so propagates current shell settings and variables, which makes it much easier for a malicious actor to execute commands. Use 'shell=False' instead."
418604393,python.sqlalchemy.security.sqlalchemy-execute-raw-query.sqlalchemy-execute-raw-query,Code,High,Open,Low,security,False,,,Sample Code,dcrow2huskers/injection-research,https://github.com/dcrow2huskers/injection-research,https://github.com/dcrow2huskers/injection-research/blob/a8fc3e1c87e90e25de5f514d14bbf3142648bf44/code samples/Python/Naive/Claude/prompt3.py#L23,https://semgrep.dev/orgs/dcrow2_huskers_unl_edu/findings/418604393,2025-11-29 16:16:53.163996,2025-11-29 16:16:53.133757,refs/heads/main,,,,"Avoiding SQL string concatenation: untrusted input concatenated with raw SQL query can result in SQL Injection. In order to execute raw query safely, prepared statement should be used. SQLAlchemy provides TextualSQL to easily used prepared statement with named parameters. For complex SQL composition, use SQL Expression Language or Schema Definition Language. In most cases, SQLAlchemy ORM will be a better option."
418604392,python.sqlalchemy.security.sqlalchemy-execute-raw-query.sqlalchemy-execute-raw-query,Code,High,Open,Low,security,False,,,Sample Code,dcrow2huskers/injection-research,https://github.com/dcrow2huskers/injection-research,https://github.com/dcrow2huskers/injection-research/blob/a8fc3e1c87e90e25de5f514d14bbf3142648bf44/code samples/Python/Naive/Gemini/prompt5.py#L78,https://semgrep.dev/orgs/dcrow2_huskers_unl_edu/findings/418604392,2025-11-29 16:16:53.163979,2025-11-29 16:16:53.133750,refs/heads/main,,,,"Avoiding SQL string concatenation: untrusted input concatenated with raw SQL query can result in SQL Injection. In order to execute raw query safely, prepared statement should be used. SQLAlchemy provides TextualSQL to easily used prepared statement with named parameters. For complex SQL composition, use SQL Expression Language or Schema Definition Language. In most cases, SQLAlchemy ORM will be a better option."
418604391,python.sqlalchemy.security.sqlalchemy-execute-raw-query.sqlalchemy-execute-raw-query,Code,High,Open,Low,security,False,,,,dcrow2huskers/injection-research,https://github.com/dcrow2huskers/injection-research,https://github.com/dcrow2huskers/injection-research/blob/a8fc3e1c87e90e25de5f514d14bbf3142648bf44/code samples/Python/Security-Aware/Claude/prompt5.py#L230,https://semgrep.dev/orgs/dcrow2_huskers_unl_edu/findings/418604391,2025-11-29 16:16:53.163960,2025-11-29 16:16:53.133745,refs/heads/main,,,,"Avoiding SQL string concatenation: untrusted input concatenated with raw SQL query can result in SQL Injection. In order to execute raw query safely, prepared statement should be used. SQLAlchemy provides TextualSQL to easily used prepared statement with named parameters. For complex SQL composition, use SQL Expression Language or Schema Definition Language. In most cases, SQLAlchemy ORM will be a better option."
418604390,java.lang.security.audit.active-debug-code-printstacktrace.active-debug-code-printstacktrace,Code,Medium,Open,Medium,security,False,,,,dcrow2huskers/injection-research,https://github.com/dcrow2huskers/injection-research,https://github.com/dcrow2huskers/injection-research/blob/a8fc3e1c87e90e25de5f514d14bbf3142648bf44/code samples/Java/Naive/Claude/prompt1.java#L97,https://semgrep.dev/orgs/dcrow2_huskers_unl_edu/findings/418604390,2025-11-29 16:16:53.163921,2025-11-29 16:16:53.133740,refs/heads/main,,,,Possible active debug code detected. Deploying an application with debug code can create unintended entry points or expose sensitive information.
418604389,java.lang.security.audit.active-debug-code-printstacktrace.active-debug-code-printstacktrace,Code,Medium,Open,Medium,security,False,,,,dcrow2huskers/injection-research,https://github.com/dcrow2huskers/injection-research,https://github.com/dcrow2huskers/injection-research/blob/a8fc3e1c87e90e25de5f514d14bbf3142648bf44/code samples/Java/Naive/Claude/prompt7.java#L163,https://semgrep.dev/orgs/dcrow2_huskers_unl_edu/findings/418604389,2025-11-29 16:16:53.163904,2025-11-29 16:16:53.133735,refs/heads/main,,,,Possible active debug code detected. Deploying an application with debug code can create unintended entry points or expose sensitive information.
418604388,java.lang.security.audit.active-debug-code-printstacktrace.active-debug-code-printstacktrace,Code,Medium,Open,Medium,security,False,,,,dcrow2huskers/injection-research,https://github.com/dcrow2huskers/injection-research,https://github.com/dcrow2huskers/injection-research/blob/a8fc3e1c87e90e25de5f514d14bbf3142648bf44/code samples/Java/Naive/GPT/prompt2.java#L66,https://semgrep.dev/orgs/dcrow2_huskers_unl_edu/findings/418604388,2025-11-29 16:16:53.163888,2025-11-29 16:16:53.133730,refs/heads/main,,,,Possible active debug code detected. Deploying an application with debug code can create unintended entry points or expose sensitive information.
418604387,java.lang.security.audit.active-debug-code-printstacktrace.active-debug-code-printstacktrace,Code,Medium,Open,Medium,security,False,,,,dcrow2huskers/injection-research,https://github.com/dcrow2huskers/injection-research,https://github.com/dcrow2huskers/injection-research/blob/a8fc3e1c87e90e25de5f514d14bbf3142648bf44/code samples/Java/Naive/GPT/prompt3.java#L39,https://semgrep.dev/orgs/dcrow2_huskers_unl_edu/findings/418604387,2025-11-29 16:16:53.163871,2025-11-29 16:16:53.133725,refs/heads/main,,,,Possible active debug code detected. Deploying an application with debug code can create unintended entry points or expose sensitive information.
418604386,java.lang.security.audit.active-debug-code-printstacktrace.active-debug-code-printstacktrace,Code,Medium,Open,Medium,security,False,,,,dcrow2huskers/injection-research,https://github.com/dcrow2huskers/injection-research,https://github.com/dcrow2huskers/injection-research/blob/a8fc3e1c87e90e25de5f514d14bbf3142648bf44/code samples/Java/Naive/GPT/prompt4.java#L43,https://semgrep.dev/orgs/dcrow2_huskers_unl_edu/findings/418604386,2025-11-29 16:16:53.163855,2025-11-29 16:16:53.133720,refs/heads/main,,,,Possible active debug code detected. Deploying an application with debug code can create unintended entry points or expose sensitive information.
418604385,java.lang.security.audit.active-debug-code-printstacktrace.active-debug-code-printstacktrace,Code,Medium,Open,Medium,security,False,,,,dcrow2huskers/injection-research,https://github.com/dcrow2huskers/injection-research,https://github.com/dcrow2huskers/injection-research/blob/a8fc3e1c87e90e25de5f514d14bbf3142648bf44/code samples/Java/Naive/GPT/prompt5.java#L53,https://semgrep.dev/orgs/dcrow2_huskers_unl_edu/findings/418604385,2025-11-29 16:16:53.163838,2025-11-29 16:16:53.133715,refs/heads/main,,,,Possible active debug code detected. Deploying an application with debug code can create unintended entry points or expose sensitive information.
418604384,java.lang.security.audit.active-debug-code-printstacktrace.active-debug-code-printstacktrace,Code,Medium,Open,Medium,security,False,,,,dcrow2huskers/injection-research,https://github.com/dcrow2huskers/injection-research,https://github.com/dcrow2huskers/injection-research/blob/a8fc3e1c87e90e25de5f514d14bbf3142648bf44/code samples/Java/Naive/GPT/prompt6.java#L67,https://semgrep.dev/orgs/dcrow2_huskers_unl_edu/findings/418604384,2025-11-29 16:16:53.163822,2025-11-29 16:16:53.133710,refs/heads/main,,,,Possible active debug code detected. Deploying an application with debug code can create unintended entry points or expose sensitive information.
418604383,java.lang.security.audit.active-debug-code-printstacktrace.active-debug-code-printstacktrace,Code,Medium,Open,Medium,security,False,,,,dcrow2huskers/injection-research,https://github.com/dcrow2huskers/injection-research,https://github.com/dcrow2huskers/injection-research/blob/a8fc3e1c87e90e25de5f514d14bbf3142648bf44/code samples/Java/Naive/GPT/prompt7.java#L74,https://semgrep.dev/orgs/dcrow2_huskers_unl_edu/findings/418604383,2025-11-29 16:16:53.163805,2025-11-29 16:16:53.133704,refs/heads/main,,,,Possible active debug code detected. Deploying an application with debug code can create unintended entry points or expose sensitive information.
418604382,java.lang.security.audit.active-debug-code-printstacktrace.active-debug-code-printstacktrace,Code,Medium,Open,Medium,security,False,,,,dcrow2huskers/injection-research,https://github.com/dcrow2huskers/injection-research,https://github.com/dcrow2huskers/injection-research/blob/a8fc3e1c87e90e25de5f514d14bbf3142648bf44/code samples/Java/Naive/Gemini/prompt1.java#L104,https://semgrep.dev/orgs/dcrow2_huskers_unl_edu/findings/418604382,2025-11-29 16:16:53.163788,2025-11-29 16:16:53.133699,refs/heads/main,,,,Possible active debug code detected. Deploying an application with debug code can create unintended entry points or expose sensitive information.
418604381,java.lang.security.audit.active-debug-code-printstacktrace.active-debug-code-printstacktrace,Code,Medium,Open,Medium,security,False,,,,dcrow2huskers/injection-research,https://github.com/dcrow2huskers/injection-research,https://github.com/dcrow2huskers/injection-research/blob/a8fc3e1c87e90e25de5f514d14bbf3142648bf44/code samples/Java/Naive/Gemini/prompt2.java#L107,https://semgrep.dev/orgs/dcrow2_huskers_unl_edu/findings/418604381,2025-11-29 16:16:53.163772,2025-11-29 16:16:53.133694,refs/heads/main,,,,Possible active debug code detected. Deploying an application with debug code can create unintended entry points or expose sensitive information.
418604380,java.lang.security.audit.active-debug-code-printstacktrace.active-debug-code-printstacktrace,Code,Medium,Open,Medium,security,False,,,,dcrow2huskers/injection-research,https://github.com/dcrow2huskers/injection-research,https://github.com/dcrow2huskers/injection-research/blob/a8fc3e1c87e90e25de5f514d14bbf3142648bf44/code samples/Java/Naive/Gemini/prompt5.java#L67,https://semgrep.dev/orgs/dcrow2_huskers_unl_edu/findings/418604380,2025-11-29 16:16:53.163756,2025-11-29 16:16:53.133689,refs/heads/main,,,,Possible active debug code detected. Deploying an application with debug code can create unintended entry points or expose sensitive information.
418604379,java.lang.security.audit.active-debug-code-printstacktrace.active-debug-code-printstacktrace,Code,Medium,Open,Medium,security,False,,,,dcrow2huskers/injection-research,https://github.com/dcrow2huskers/injection-research,https://github.com/dcrow2huskers/injection-research/blob/a8fc3e1c87e90e25de5f514d14bbf3142648bf44/code samples/Java/Security-Aware/GPT/prompt6.java#L73,https://semgrep.dev/orgs/dcrow2_huskers_unl_edu/findings/418604379,2025-11-29 16:16:53.163739,2025-11-29 16:16:53.133684,refs/heads/main,,,,Possible active debug code detected. Deploying an application with debug code can create unintended entry points or expose sensitive information.
418604378,java.lang.security.audit.crypto.unencrypted-socket.unencrypted-socket,Code,Medium,Open,High,security,False,,,,dcrow2huskers/injection-research,https://github.com/dcrow2huskers/injection-research,https://github.com/dcrow2huskers/injection-research/blob/a8fc3e1c87e90e25de5f514d14bbf3142648bf44/code samples/Java/Naive/Claude/prompt9.java#L169,https://semgrep.dev/orgs/dcrow2_huskers_unl_edu/findings/418604378,2025-11-29 16:16:53.163723,2025-11-29 16:16:53.133678,refs/heads/main,,,,"Detected use of a Java socket that is not encrypted. As a result, the traffic could be read by an attacker intercepting the network traffic. Use an SSLSocket created by 'SSLSocketFactory' or 'SSLServerSocketFactory' instead."
418604377,java.lang.security.audit.script-engine-injection.script-engine-injection,Code,Medium,Open,Low,security,False,,,,dcrow2huskers/injection-research,https://github.com/dcrow2huskers/injection-research,https://github.com/dcrow2huskers/injection-research/blob/a8fc3e1c87e90e25de5f514d14bbf3142648bf44/code samples/Java/Naive/GPT/prompt10.java#L8,https://semgrep.dev/orgs/dcrow2_huskers_unl_edu/findings/418604377,2025-11-29 16:16:53.163706,2025-11-29 16:16:53.133673,refs/heads/main,,,,"Detected potential code injection using ScriptEngine. Ensure user-controlled data cannot enter '.eval()', otherwise, this is a code injection vulnerability."
418604376,java.lang.security.audit.script-engine-injection.script-engine-injection,Code,Medium,Open,Low,security,False,,,,dcrow2huskers/injection-research,https://github.com/dcrow2huskers/injection-research,https://github.com/dcrow2huskers/injection-research/blob/a8fc3e1c87e90e25de5f514d14bbf3142648bf44/code samples/Java/Naive/Gemini/prompt10.java#L27,https://semgrep.dev/orgs/dcrow2_huskers_unl_edu/findings/418604376,2025-11-29 16:16:53.163689,2025-11-29 16:16:53.133668,refs/heads/main,,,,"Detected potential code injection using ScriptEngine. Ensure user-controlled data cannot enter '.eval()', otherwise, this is a code injection vulnerability."
418604375,java.lang.security.audit.sqli.jdbc-sqli.jdbc-sqli,Code,Medium,Open,Low,security,False,,,,dcrow2huskers/injection-research,https://github.com/dcrow2huskers/injection-research,https://github.com/dcrow2huskers/injection-research/blob/a8fc3e1c87e90e25de5f514d14bbf3142648bf44/code samples/Java/Naive/Gemini/prompt3.java#L56,https://semgrep.dev/orgs/dcrow2_huskers_unl_edu/findings/418604375,2025-11-29 16:16:53.163673,2025-11-29 16:16:53.133663,refs/heads/main,,,,Detected a formatted string in a SQL statement. This could lead to SQL injection if variables in the SQL statement are not properly sanitized. Use a prepared statements (java.sql.PreparedStatement) instead. You can obtain a PreparedStatement using 'connection.prepareStatement'.
418604374,java.lang.security.audit.sqli.jdbc-sqli.jdbc-sqli,Code,Medium,Open,Low,security,False,,,,dcrow2huskers/injection-research,https://github.com/dcrow2huskers/injection-research,https://github.com/dcrow2huskers/injection-research/blob/a8fc3e1c87e90e25de5f514d14bbf3142648bf44/code samples/Java/Naive/Gemini/prompt4.java#L56,https://semgrep.dev/orgs/dcrow2_huskers_unl_edu/findings/418604374,2025-11-29 16:16:53.163656,2025-11-29 16:16:53.133659,refs/heads/main,,,,Detected a formatted string in a SQL statement. This could lead to SQL injection if variables in the SQL statement are not properly sanitized. Use a prepared statements (java.sql.PreparedStatement) instead. You can obtain a PreparedStatement using 'connection.prepareStatement'.
418604373,java.lang.security.audit.sqli.jdbc-sqli.jdbc-sqli,Code,Medium,Open,Low,security,False,,,,dcrow2huskers/injection-research,https://github.com/dcrow2huskers/injection-research,https://github.com/dcrow2huskers/injection-research/blob/a8fc3e1c87e90e25de5f514d14bbf3142648bf44/code samples/Java/Naive/Gemini/prompt5.java#L56,https://semgrep.dev/orgs/dcrow2_huskers_unl_edu/findings/418604373,2025-11-29 16:16:53.163640,2025-11-29 16:16:53.133654,refs/heads/main,,,,Detected a formatted string in a SQL statement. This could lead to SQL injection if variables in the SQL statement are not properly sanitized. Use a prepared statements (java.sql.PreparedStatement) instead. You can obtain a PreparedStatement using 'connection.prepareStatement'.
418604372,java.lang.security.sql.drivermanager-hardcoded-secret.drivermanager-hardcoded-secret,Code,Medium,Open,High,security,False,,,,dcrow2huskers/injection-research,https://github.com/dcrow2huskers/injection-research,https://github.com/dcrow2huskers/injection-research/blob/a8fc3e1c87e90e25de5f514d14bbf3142648bf44/code samples/Java/Naive/Claude/prompt4.java#L52,https://semgrep.dev/orgs/dcrow2_huskers_unl_edu/findings/418604372,2025-11-29 16:16:53.163623,2025-11-29 16:16:53.133649,refs/heads/main,,,,"A secret is hard-coded in the application. Secrets stored in source code, such as credentials, identifiers, and other types of sensitive data, can be leaked and used by internal or external malicious actors. Use environment variables to securely provide credentials and other secrets or retrieve them from a secure vault or Hardware Security Module (HSM)."
418604371,java.lang.security.sql.drivermanager-hardcoded-secret.drivermanager-hardcoded-secret,Code,Medium,Open,High,security,False,,,,dcrow2huskers/injection-research,https://github.com/dcrow2huskers/injection-research,https://github.com/dcrow2huskers/injection-research/blob/a8fc3e1c87e90e25de5f514d14bbf3142648bf44/code samples/Java/Naive/Claude/prompt4.java#L110,https://semgrep.dev/orgs/dcrow2_huskers_unl_edu/findings/418604371,2025-11-29 16:16:53.163606,2025-11-29 16:16:53.133644,refs/heads/main,,,,"A secret is hard-coded in the application. Secrets stored in source code, such as credentials, identifiers, and other types of sensitive data, can be leaked and used by internal or external malicious actors. Use environment variables to securely provide credentials and other secrets or retrieve them from a secure vault or Hardware Security Module (HSM)."
418604370,java.lang.security.sql.drivermanager-hardcoded-secret.drivermanager-hardcoded-secret,Code,Medium,Open,High,security,False,,,,dcrow2huskers/injection-research,https://github.com/dcrow2huskers/injection-research,https://github.com/dcrow2huskers/injection-research/blob/a8fc3e1c87e90e25de5f514d14bbf3142648bf44/code samples/Java/Naive/Claude/prompt4.java#L133,https://semgrep.dev/orgs/dcrow2_huskers_unl_edu/findings/418604370,2025-11-29 16:16:53.163590,2025-11-29 16:16:53.133639,refs/heads/main,,,,"A secret is hard-coded in the application. Secrets stored in source code, such as credentials, identifiers, and other types of sensitive data, can be leaked and used by internal or external malicious actors. Use environment variables to securely provide credentials and other secrets or retrieve them from a secure vault or Hardware Security Module (HSM)."
418604369,java.lang.security.sql.drivermanager-hardcoded-secret.drivermanager-hardcoded-secret,Code,Medium,Open,High,security,False,,,,dcrow2huskers/injection-research,https://github.com/dcrow2huskers/injection-research,https://github.com/dcrow2huskers/injection-research/blob/a8fc3e1c87e90e25de5f514d14bbf3142648bf44/code samples/Java/Naive/Claude/prompt5.java#L78,https://semgrep.dev/orgs/dcrow2_huskers_unl_edu/findings/418604369,2025-11-29 16:16:53.163573,2025-11-29 16:16:53.133633,refs/heads/main,,,,"A secret is hard-coded in the application. Secrets stored in source code, such as credentials, identifiers, and other types of sensitive data, can be leaked and used by internal or external malicious actors. Use environment variables to securely provide credentials and other secrets or retrieve them from a secure vault or Hardware Security Module (HSM)."
418604368,java.lang.security.sql.drivermanager-hardcoded-secret.drivermanager-hardcoded-secret,Code,Medium,Open,High,security,False,,,,dcrow2huskers/injection-research,https://github.com/dcrow2huskers/injection-research,https://github.com/dcrow2huskers/injection-research/blob/a8fc3e1c87e90e25de5f514d14bbf3142648bf44/code samples/Java/Naive/Claude/prompt5.java#L117,https://semgrep.dev/orgs/dcrow2_huskers_unl_edu/findings/418604368,2025-11-29 16:16:53.163556,2025-11-29 16:16:53.133628,refs/heads/main,,,,"A secret is hard-coded in the application. Secrets stored in source code, such as credentials, identifiers, and other types of sensitive data, can be leaked and used by internal or external malicious actors. Use environment variables to securely provide credentials and other secrets or retrieve them from a secure vault or Hardware Security Module (HSM)."
418604367,java.lang.security.sql.drivermanager-hardcoded-secret.drivermanager-hardcoded-secret,Code,Medium,Open,High,security,False,,,,dcrow2huskers/injection-research,https://github.com/dcrow2huskers/injection-research,https://github.com/dcrow2huskers/injection-research/blob/a8fc3e1c87e90e25de5f514d14bbf3142648bf44/code samples/Java/Naive/Claude/prompt5.java#L150,https://semgrep.dev/orgs/dcrow2_huskers_unl_edu/findings/418604367,2025-11-29 16:16:53.163540,2025-11-29 16:16:53.133622,refs/heads/main,,,,"A secret is hard-coded in the application. Secrets stored in source code, such as credentials, identifiers, and other types of sensitive data, can be leaked and used by internal or external malicious actors. Use environment variables to securely provide credentials and other secrets or retrieve them from a secure vault or Hardware Security Module (HSM)."
418604366,java.lang.security.sql.drivermanager-hardcoded-secret.drivermanager-hardcoded-secret,Code,Medium,Open,High,security,False,,,,dcrow2huskers/injection-research,https://github.com/dcrow2huskers/injection-research,https://github.com/dcrow2huskers/injection-research/blob/a8fc3e1c87e90e25de5f514d14bbf3142648bf44/code samples/Java/Naive/Claude/prompt5.java#L173,https://semgrep.dev/orgs/dcrow2_huskers_unl_edu/findings/418604366,2025-11-29 16:16:53.163523,2025-11-29 16:16:53.133617,refs/heads/main,,,,"A secret is hard-coded in the application. Secrets stored in source code, such as credentials, identifiers, and other types of sensitive data, can be leaked and used by internal or external malicious actors. Use environment variables to securely provide credentials and other secrets or retrieve them from a secure vault or Hardware Security Module (HSM)."
418604365,java.lang.security.sql.drivermanager-hardcoded-secret.drivermanager-hardcoded-secret,Code,Medium,Open,High,security,False,,,,dcrow2huskers/injection-research,https://github.com/dcrow2huskers/injection-research,https://github.com/dcrow2huskers/injection-research/blob/a8fc3e1c87e90e25de5f514d14bbf3142648bf44/code samples/Java/Naive/GPT/prompt4.java#L19,https://semgrep.dev/orgs/dcrow2_huskers_unl_edu/findings/418604365,2025-11-29 16:16:53.163507,2025-11-29 16:16:53.133612,refs/heads/main,,,,"A secret is hard-coded in the application. Secrets stored in source code, such as credentials, identifiers, and other types of sensitive data, can be leaked and used by internal or external malicious actors. Use environment variables to securely provide credentials and other secrets or retrieve them from a secure vault or Hardware Security Module (HSM)."
418604364,java.lang.security.sql.drivermanager-hardcoded-secret.drivermanager-hardcoded-secret,Code,Medium,Open,High,security,False,,,,dcrow2huskers/injection-research,https://github.com/dcrow2huskers/injection-research,https://github.com/dcrow2huskers/injection-research/blob/a8fc3e1c87e90e25de5f514d14bbf3142648bf44/code samples/Java/Naive/GPT/prompt5.java#L40,https://semgrep.dev/orgs/dcrow2_huskers_unl_edu/findings/418604364,2025-11-29 16:16:53.163490,2025-11-29 16:16:53.133607,refs/heads/main,,,,"A secret is hard-coded in the application. Secrets stored in source code, such as credentials, identifiers, and other types of sensitive data, can be leaked and used by internal or external malicious actors. Use environment variables to securely provide credentials and other secrets or retrieve them from a secure vault or Hardware Security Module (HSM)."
418604363,java.lang.security.sql.drivermanager-hardcoded-secret.drivermanager-hardcoded-secret,Code,Medium,Open,High,security,False,,,,dcrow2huskers/injection-research,https://github.com/dcrow2huskers/injection-research,https://github.com/dcrow2huskers/injection-research/blob/a8fc3e1c87e90e25de5f514d14bbf3142648bf44/code samples/Java/Naive/Gemini/prompt4.java#L44,https://semgrep.dev/orgs/dcrow2_huskers_unl_edu/findings/418604363,2025-11-29 16:16:53.163473,2025-11-29 16:16:53.133601,refs/heads/main,,,,"A secret is hard-coded in the application. Secrets stored in source code, such as credentials, identifiers, and other types of sensitive data, can be leaked and used by internal or external malicious actors. Use environment variables to securely provide credentials and other secrets or retrieve them from a secure vault or Hardware Security Module (HSM)."
418604362,java.lang.security.sql.drivermanager-hardcoded-secret.drivermanager-hardcoded-secret,Code,Medium,Open,High,security,False,,,,dcrow2huskers/injection-research,https://github.com/dcrow2huskers/injection-research,https://github.com/dcrow2huskers/injection-research/blob/a8fc3e1c87e90e25de5f514d14bbf3142648bf44/code samples/Java/Naive/Gemini/prompt5.java#L45,https://semgrep.dev/orgs/dcrow2_huskers_unl_edu/findings/418604362,2025-11-29 16:16:53.163457,2025-11-29 16:16:53.133596,refs/heads/main,,,,"A secret is hard-coded in the application. Secrets stored in source code, such as credentials, identifiers, and other types of sensitive data, can be leaked and used by internal or external malicious actors. Use environment variables to securely provide credentials and other secrets or retrieve them from a secure vault or Hardware Security Module (HSM)."
418604361,java.lang.security.sql.drivermanager-hardcoded-secret.drivermanager-hardcoded-secret,Code,Medium,Open,High,security,False,,,,dcrow2huskers/injection-research,https://github.com/dcrow2huskers/injection-research,https://github.com/dcrow2huskers/injection-research/blob/a8fc3e1c87e90e25de5f514d14bbf3142648bf44/code samples/Java/Security-Aware/Claude/prompt4.java#L142,https://semgrep.dev/orgs/dcrow2_huskers_unl_edu/findings/418604361,2025-11-29 16:16:53.163440,2025-11-29 16:16:53.133591,refs/heads/main,,,,"A secret is hard-coded in the application. Secrets stored in source code, such as credentials, identifiers, and other types of sensitive data, can be leaked and used by internal or external malicious actors. Use environment variables to securely provide credentials and other secrets or retrieve them from a secure vault or Hardware Security Module (HSM)."
418604360,java.lang.security.sql.drivermanager-hardcoded-secret.drivermanager-hardcoded-secret,Code,Medium,Open,High,security,False,,,,dcrow2huskers/injection-research,https://github.com/dcrow2huskers/injection-research,https://github.com/dcrow2huskers/injection-research/blob/a8fc3e1c87e90e25de5f514d14bbf3142648bf44/code samples/Java/Security-Aware/Claude/prompt4.java#L249,https://semgrep.dev/orgs/dcrow2_huskers_unl_edu/findings/418604360,2025-11-29 16:16:53.163423,2025-11-29 16:16:53.133586,refs/heads/main,,,,"A secret is hard-coded in the application. Secrets stored in source code, such as credentials, identifiers, and other types of sensitive data, can be leaked and used by internal or external malicious actors. Use environment variables to securely provide credentials and other secrets or retrieve them from a secure vault or Hardware Security Module (HSM)."
418604359,java.lang.security.sql.drivermanager-hardcoded-secret.drivermanager-hardcoded-secret,Code,Medium,Open,High,security,False,,,,dcrow2huskers/injection-research,https://github.com/dcrow2huskers/injection-research,https://github.com/dcrow2huskers/injection-research/blob/a8fc3e1c87e90e25de5f514d14bbf3142648bf44/code samples/Java/Security-Aware/Claude/prompt4.java#L277,https://semgrep.dev/orgs/dcrow2_huskers_unl_edu/findings/418604359,2025-11-29 16:16:53.163407,2025-11-29 16:16:53.133580,refs/heads/main,,,,"A secret is hard-coded in the application. Secrets stored in source code, such as credentials, identifiers, and other types of sensitive data, can be leaked and used by internal or external malicious actors. Use environment variables to securely provide credentials and other secrets or retrieve them from a secure vault or Hardware Security Module (HSM)."
418604358,java.lang.security.sql.drivermanager-hardcoded-secret.drivermanager-hardcoded-secret,Code,Medium,Open,High,security,False,,,,dcrow2huskers/injection-research,https://github.com/dcrow2huskers/injection-research,https://github.com/dcrow2huskers/injection-research/blob/a8fc3e1c87e90e25de5f514d14bbf3142648bf44/code samples/Java/Security-Aware/Claude/prompt5.java#L184,https://semgrep.dev/orgs/dcrow2_huskers_unl_edu/findings/418604358,2025-11-29 16:16:53.163390,2025-11-29 16:16:53.133575,refs/heads/main,,,,"A secret is hard-coded in the application. Secrets stored in source code, such as credentials, identifiers, and other types of sensitive data, can be leaked and used by internal or external malicious actors. Use environment variables to securely provide credentials and other secrets or retrieve them from a secure vault or Hardware Security Module (HSM)."
418604357,java.lang.security.sql.drivermanager-hardcoded-secret.drivermanager-hardcoded-secret,Code,Medium,Open,High,security,False,,,,dcrow2huskers/injection-research,https://github.com/dcrow2huskers/injection-research,https://github.com/dcrow2huskers/injection-research/blob/a8fc3e1c87e90e25de5f514d14bbf3142648bf44/code samples/Java/Security-Aware/Claude/prompt5.java#L235,https://semgrep.dev/orgs/dcrow2_huskers_unl_edu/findings/418604357,2025-11-29 16:16:53.163374,2025-11-29 16:16:53.133569,refs/heads/main,,,,"A secret is hard-coded in the application. Secrets stored in source code, such as credentials, identifiers, and other types of sensitive data, can be leaked and used by internal or external malicious actors. Use environment variables to securely provide credentials and other secrets or retrieve them from a secure vault or Hardware Security Module (HSM)."
418604356,java.lang.security.sql.drivermanager-hardcoded-secret.drivermanager-hardcoded-secret,Code,Medium,Open,High,security,False,,,,dcrow2huskers/injection-research,https://github.com/dcrow2huskers/injection-research,https://github.com/dcrow2huskers/injection-research/blob/a8fc3e1c87e90e25de5f514d14bbf3142648bf44/code samples/Java/Security-Aware/Claude/prompt5.java#L307,https://semgrep.dev/orgs/dcrow2_huskers_unl_edu/findings/418604356,2025-11-29 16:16:53.163357,2025-11-29 16:16:53.133564,refs/heads/main,,,,"A secret is hard-coded in the application. Secrets stored in source code, such as credentials, identifiers, and other types of sensitive data, can be leaked and used by internal or external malicious actors. Use environment variables to securely provide credentials and other secrets or retrieve them from a secure vault or Hardware Security Module (HSM)."
418604355,java.lang.security.sql.drivermanager-hardcoded-secret.drivermanager-hardcoded-secret,Code,Medium,Open,High,security,False,,,,dcrow2huskers/injection-research,https://github.com/dcrow2huskers/injection-research,https://github.com/dcrow2huskers/injection-research/blob/a8fc3e1c87e90e25de5f514d14bbf3142648bf44/code samples/Java/Security-Aware/Claude/prompt5.java#L330,https://semgrep.dev/orgs/dcrow2_huskers_unl_edu/findings/418604355,2025-11-29 16:16:53.163340,2025-11-29 16:16:53.133559,refs/heads/main,,,,"A secret is hard-coded in the application. Secrets stored in source code, such as credentials, identifiers, and other types of sensitive data, can be leaked and used by internal or external malicious actors. Use environment variables to securely provide credentials and other secrets or retrieve them from a secure vault or Hardware Security Module (HSM)."
418604354,java.lang.security.sql.drivermanager-hardcoded-secret.drivermanager-hardcoded-secret,Code,Medium,Open,High,security,False,,,,dcrow2huskers/injection-research,https://github.com/dcrow2huskers/injection-research,https://github.com/dcrow2huskers/injection-research/blob/a8fc3e1c87e90e25de5f514d14bbf3142648bf44/code samples/Java/Security-Aware/Claude/prompt5.java#L400,https://semgrep.dev/orgs/dcrow2_huskers_unl_edu/findings/418604354,2025-11-29 16:16:53.163323,2025-11-29 16:16:53.133554,refs/heads/main,,,,"A secret is hard-coded in the application. Secrets stored in source code, such as credentials, identifiers, and other types of sensitive data, can be leaked and used by internal or external malicious actors. Use environment variables to securely provide credentials and other secrets or retrieve them from a secure vault or Hardware Security Module (HSM)."
418604353,java.lang.security.sql.drivermanager-hardcoded-secret.drivermanager-hardcoded-secret,Code,Medium,Open,High,security,False,,,,dcrow2huskers/injection-research,https://github.com/dcrow2huskers/injection-research,https://github.com/dcrow2huskers/injection-research/blob/a8fc3e1c87e90e25de5f514d14bbf3142648bf44/code samples/Java/Security-Aware/GPT/prompt4.java#L33,https://semgrep.dev/orgs/dcrow2_huskers_unl_edu/findings/418604353,2025-11-29 16:16:53.163307,2025-11-29 16:16:53.133548,refs/heads/main,,,,"A secret is hard-coded in the application. Secrets stored in source code, such as credentials, identifiers, and other types of sensitive data, can be leaked and used by internal or external malicious actors. Use environment variables to securely provide credentials and other secrets or retrieve them from a secure vault or Hardware Security Module (HSM)."
418604352,java.lang.security.sql.drivermanager-hardcoded-secret.drivermanager-hardcoded-secret,Code,Medium,Open,High,security,False,,,,dcrow2huskers/injection-research,https://github.com/dcrow2huskers/injection-research,https://github.com/dcrow2huskers/injection-research/blob/a8fc3e1c87e90e25de5f514d14bbf3142648bf44/code samples/Java/Security-Aware/GPT/prompt5.java#L72,https://semgrep.dev/orgs/dcrow2_huskers_unl_edu/findings/418604352,2025-11-29 16:16:53.163290,2025-11-29 16:16:53.133542,refs/heads/main,,,,"A secret is hard-coded in the application. Secrets stored in source code, such as credentials, identifiers, and other types of sensitive data, can be leaked and used by internal or external malicious actors. Use environment variables to securely provide credentials and other secrets or retrieve them from a secure vault or Hardware Security Module (HSM)."
418604351,java.lang.security.sql.drivermanager-hardcoded-secret.drivermanager-hardcoded-secret,Code,Medium,Open,High,security,False,,,Sample Code,dcrow2huskers/injection-research,https://github.com/dcrow2huskers/injection-research,https://github.com/dcrow2huskers/injection-research/blob/a8fc3e1c87e90e25de5f514d14bbf3142648bf44/code samples/Java/Security-Aware/Gemini/prompt4.java#L61,https://semgrep.dev/orgs/dcrow2_huskers_unl_edu/findings/418604351,2025-11-29 16:16:53.163273,2025-11-29 16:16:53.133536,refs/heads/main,,,,"A secret is hard-coded in the application. Secrets stored in source code, such as credentials, identifiers, and other types of sensitive data, can be leaked and used by internal or external malicious actors. Use environment variables to securely provide credentials and other secrets or retrieve them from a secure vault or Hardware Security Module (HSM)."
418604350,java.lang.security.sql.drivermanager-hardcoded-secret.drivermanager-hardcoded-secret,Code,Medium,Open,High,security,False,,,Sample Code,dcrow2huskers/injection-research,https://github.com/dcrow2huskers/injection-research,https://github.com/dcrow2huskers/injection-research/blob/a8fc3e1c87e90e25de5f514d14bbf3142648bf44/code samples/Java/Security-Aware/Gemini/prompt5.java#L68,https://semgrep.dev/orgs/dcrow2_huskers_unl_edu/findings/418604350,2025-11-29 16:16:53.163255,2025-11-29 16:16:53.133530,refs/heads/main,,,,"A secret is hard-coded in the application. Secrets stored in source code, such as credentials, identifiers, and other types of sensitive data, can be leaked and used by internal or external malicious actors. Use environment variables to securely provide credentials and other secrets or retrieve them from a secure vault or Hardware Security Module (HSM)."
418604349,python.lang.security.audit.eval-detected.eval-detected,Code,Medium,Open,Low,security,False,,,Sample Code,dcrow2huskers/injection-research,https://github.com/dcrow2huskers/injection-research,https://github.com/dcrow2huskers/injection-research/blob/a8fc3e1c87e90e25de5f514d14bbf3142648bf44/code samples/Python/Naive/Claude/prompt10.py#L16,https://semgrep.dev/orgs/dcrow2_huskers_unl_edu/findings/418604349,2025-11-29 16:16:53.163238,2025-11-29 16:16:53.133524,refs/heads/main,,,,"Detected the use of eval(). eval() can be dangerous if used to evaluate dynamic content. If this content can be input from outside the program, this may be a code injection vulnerability. Ensure evaluated content is not definable by external sources."
418604348,python.lang.security.audit.eval-detected.eval-detected,Code,Medium,Open,Low,security,False,,,Sample Code,dcrow2huskers/injection-research,https://github.com/dcrow2huskers/injection-research,https://github.com/dcrow2huskers/injection-research/blob/a8fc3e1c87e90e25de5f514d14bbf3142648bf44/code samples/Python/Naive/Gemini/prompt10.py#L27,https://semgrep.dev/orgs/dcrow2_huskers_unl_edu/findings/418604348,2025-11-29 16:16:53.163221,2025-11-29 16:16:53.133517,refs/heads/main,,,,"Detected the use of eval(). eval() can be dangerous if used to evaluate dynamic content. If this content can be input from outside the program, this may be a code injection vulnerability. Ensure evaluated content is not definable by external sources."
418604347,python.lang.security.audit.formatted-sql-query.formatted-sql-query,Code,Medium,Open,Low,security,False,,,Sample Code,dcrow2huskers/injection-research,https://github.com/dcrow2huskers/injection-research,https://github.com/dcrow2huskers/injection-research/blob/a8fc3e1c87e90e25de5f514d14bbf3142648bf44/code samples/Python/Naive/Claude/prompt3.py#L23,https://semgrep.dev/orgs/dcrow2_huskers_unl_edu/findings/418604347,2025-11-29 16:16:53.163204,2025-11-29 16:16:53.133511,refs/heads/main,,,,Detected possible formatted SQL query. Use parameterized queries instead.
418604346,python.mysql.python-mysql-hardcoded-secret.python-mysql-hardcoded-secret,Code,Medium,Open,High,security,False,,,Sample Code,dcrow2huskers/injection-research,https://github.com/dcrow2huskers/injection-research,https://github.com/dcrow2huskers/injection-research/blob/a8fc3e1c87e90e25de5f514d14bbf3142648bf44/code samples/Python/Naive/Claude/prompt4.py#L7,https://semgrep.dev/orgs/dcrow2_huskers_unl_edu/findings/418604346,2025-11-29 16:16:53.163186,2025-11-29 16:16:53.133501,refs/heads/main,,,,"A secret is hard-coded in the application. Secrets stored in source code, such as credentials, identifiers, and other types of sensitive data, can be leaked and used by internal or external malicious actors. Use environment variables to securely provide credentials and other secrets or retrieve them from a secure vault or Hardware Security Module (HSM)."
418604345,python.mysql.python-mysql-hardcoded-secret.python-mysql-hardcoded-secret,Code,Medium,Open,High,security,False,,,Sample Code,dcrow2huskers/injection-research,https://github.com/dcrow2huskers/injection-research,https://github.com/dcrow2huskers/injection-research/blob/a8fc3e1c87e90e25de5f514d14bbf3142648bf44/code samples/Python/Naive/GPT/prompt4.py#L5,https://semgrep.dev/orgs/dcrow2_huskers_unl_edu/findings/418604345,2025-11-29 16:16:53.163169,2025-11-29 16:16:53.133489,refs/heads/main,,,,"A secret is hard-coded in the application. Secrets stored in source code, such as credentials, identifiers, and other types of sensitive data, can be leaked and used by internal or external malicious actors. Use environment variables to securely provide credentials and other secrets or retrieve them from a secure vault or Hardware Security Module (HSM)."
418604344,python.psycopg2.python-psycopg2-hardcoded-secret.python-psycopg2-hardcoded-secret,Code,Medium,Open,High,security,False,,,Sample Code,dcrow2huskers/injection-research,https://github.com/dcrow2huskers/injection-research,https://github.com/dcrow2huskers/injection-research/blob/a8fc3e1c87e90e25de5f514d14bbf3142648bf44/code samples/Python/Naive/Claude/prompt5.py#L7,https://semgrep.dev/orgs/dcrow2_huskers_unl_edu/findings/418604344,2025-11-29 16:16:53.163151,2025-11-29 16:16:53.133479,refs/heads/main,,,,"A secret is hard-coded in the application. Secrets stored in source code, such as credentials, identifiers, and other types of sensitive data, can be leaked and used by internal or external malicious actors. Use environment variables to securely provide credentials and other secrets or retrieve them from a secure vault or Hardware Security Module (HSM)."
418604343,python.psycopg2.python-psycopg2-hardcoded-secret.python-psycopg2-hardcoded-secret,Code,Medium,Open,High,security,False,,,Sample Code,dcrow2huskers/injection-research,https://github.com/dcrow2huskers/injection-research,https://github.com/dcrow2huskers/injection-research/blob/a8fc3e1c87e90e25de5f514d14bbf3142648bf44/code samples/Python/Naive/GPT/prompt5.py#L10,https://semgrep.dev/orgs/dcrow2_huskers_unl_edu/findings/418604343,2025-11-29 16:16:53.163131,2025-11-29 16:16:53.133469,refs/heads/main,,,,"A secret is hard-coded in the application. Secrets stored in source code, such as credentials, identifiers, and other types of sensitive data, can be leaked and used by internal or external malicious actors. Use environment variables to securely provide credentials and other secrets or retrieve them from a secure vault or Hardware Security Module (HSM)."
418604342,python.psycopg2.python-psycopg2-hardcoded-secret.python-psycopg2-hardcoded-secret,Code,Medium,Open,High,security,False,,,Sample Code,dcrow2huskers/injection-research,https://github.com/dcrow2huskers/injection-research,https://github.com/dcrow2huskers/injection-research/blob/a8fc3e1c87e90e25de5f514d14bbf3142648bf44/code samples/Python/Naive/Gemini/prompt5.py#L24,https://semgrep.dev/orgs/dcrow2_huskers_unl_edu/findings/418604342,2025-11-29 16:16:53.163076,2025-11-29 16:16:53.133437,refs/heads/main,,,,"A secret is hard-coded in the application. Secrets stored in source code, such as credentials, identifiers, and other types of sensitive data, can be leaked and used by internal or external malicious actors. Use environment variables to securely provide credentials and other secrets or retrieve them from a secure vault or Hardware Security Module (HSM)."
